	NUMERO	NOM	TYPE_1	TYPE_2	POINTS_DE_VIE	NIVEAU_ATTAQUE	NIVEAU_DEFENSE	NIVEAU_ATTAQUE_SPECIALE	NIVEAU_DEFENSE_SPECIALE	VITESSE	NOMBRE_GENERATIONS	LEGENDAIRE	Premier_Pokemon	Second_Pokemon	NBR_COMBATS	NB_VICTOIRES	POURCENTAGE_DE_VICTOIRE
0	1	Bulbizarre	Herbe	Poison	45	49	49	65	65	45	1	0	37.0	37.0	133.0	37.0	0.2781954887218045
1	2	Herbizarre	Herbe	Poison	60	62	63	80	80	60	1	0	46.0	46.0	121.0	46.0	0.38016528925619836
2	3	Florizarre	Herbe	Poison	80	82	83	100	100	80	1	0	89.0	89.0	132.0	89.0	0.6742424242424242
3	4	Mega Florizarre	Herbe	Poison	80	100	123	122	120	80	1	0	70.0	70.0	125.0	70.0	0.56
6	7	Dracaufeu	Feu	Vol	78	84	78	109	85	100	1	0	115.0	115.0	133.0	115.0	0.8646616541353384
7	8	Mega Dracaufeu X	Feu	Dragon	78	130	111	130	85	100	1	0	119.0	119.0	139.0	119.0	0.8561151079136691
8	9	Mega Dracaufeu Y	Feu	Vol	78	104	78	159	115	100	1	0	114.0	114.0	135.0	114.0	0.8444444444444444
15	16	Papilusion	Insecte	Vol	60	45	50	90	80	70	1	0	75.0	75.0	120.0	75.0	0.625
16	17	Aspicot	Insecte	Poison	40	35	30	20	20	50	1	0	26.0	26.0	111.0	26.0	0.23423423423423423
17	18	Coconfort	Insecte	Poison	45	25	50	25	25	35	1	0	17.0	17.0	130.0	17.0	0.13076923076923078
18	19	Dardargnan	Insecte	Poison	65	90	40	45	80	75	1	0	80.0	80.0	128.0	80.0	0.625
19	20	Mega Dardagnan	Insecte	Poison	65	150	40	15	80	145	1	0	115.0	115.0	119.0	115.0	0.9663865546218487
20	21	Roucool	Normal	Vol	40	45	40	35	35	56	1	0	47.0	47.0	126.0	47.0	0.373015873015873
21	22	Roucoups	Normal	Vol	63	60	55	50	50	71	1	0	64.0	64.0	121.0	64.0	0.5289256198347108
22	23	Roucarnage	Normal	Vol	83	80	75	70	70	101	1	0	112.0	112.0	130.0	112.0	0.8615384615384616
23	24	Mega Roucarnage	Normal	Vol	83	80	80	135	80	121	1	0	119.0	119.0	126.0	119.0	0.9444444444444444
26	27	Piafabec	Normal	Vol	40	60	30	31	31	70	1	0	62.0	62.0	138.0	62.0	0.4492753623188406
27	28	Rapasdepic	Normal	Vol	65	90	65	61	61	100	1	0	103.0	103.0	123.0	103.0	0.8373983739837398
36	37	Nidoqueen	Poison	Sol	90	92	87	75	85	76	1	0	66.0	66.0	122.0	66.0	0.5409836065573771
39	40	Nidoking	Poison	Sol	81	102	77	85	75	85	1	0	79.0	79.0	140.0	79.0	0.5642857142857143
44	45	Rondoudou	Normal	Fée	115	45	20	45	25	20	1	0	15.0	15.0	130.0	15.0	0.11538461538461539
46	47	Nosferapti	Poison	Vol	40	45	35	30	40	55	1	0	55.0	55.0	145.0	55.0	0.3793103448275862
47	48	Nosferalto	Poison	Vol	75	80	70	65	75	90	1	0	97.0	97.0	128.0	97.0	0.7578125
48	49	Mystherbe	Herbe	Poison	45	50	55	75	65	30	1	0	9.0	9.0	143.0	9.0	0.06293706293706294
49	50	Ortide	Herbe	Poison	60	65	70	85	75	40	1	0	28.0	28.0	129.0	28.0	0.21705426356589147
50	51	Rafflesia	Herbe	Poison	75	80	85	110	90	50	1	0	44.0	44.0	124.0	44.0	0.3548387096774194
51	52	Paras	Insecte	Herbe	35	70	55	45	55	25	1	0	13.0	13.0	138.0	13.0	0.09420289855072464
52	53	Parasect	Insecte	Herbe	60	95	80	60	80	30	1	0	30.0	30.0	154.0	30.0	0.19480519480519481
53	54	Mimitoss	Insecte	Poison	60	55	50	40	55	45	1	0	32.0	32.0	143.0	32.0	0.22377622377622378
54	55	Aéromite	Insecte	Poison	70	65	60	90	75	90	1	0	92.0	92.0	140.0	92.0	0.6571428571428571
67	68	Tartard	Eau	Combat	90	95	95	70	90	70	1	0	68.0	68.0	130.0	68.0	0.5230769230769231
75	76	Chétiflor	Herbe	Poison	50	75	35	70	30	40	1	0	23.0	23.0	108.0	23.0	0.21296296296296297
76	77	Boustiflor	Herbe	Poison	65	90	50	85	45	55	1	0	45.0	45.0	121.0	45.0	0.371900826446281
78	79	Tentacool	Eau	Poison	40	40	35	50	100	70	1	0	79.0	79.0	157.0	79.0	0.5031847133757962
79	80	Tentacruel	Eau	Poison	80	70	65	80	120	100	1	0	94.0	94.0	117.0	94.0	0.8034188034188035
80	81	Racaillou	Roche	Sol	40	80	100	30	30	20	1	0	16.0	16.0	135.0	16.0	0.11851851851851852
81	82	Gravalanch	Roche	Sol	55	95	115	45	45	35	1	0	29.0	29.0	137.0	29.0	0.2116788321167883
82	83	Grolem	Roche	Sol	80	120	130	55	65	45	1	0	50.0	50.0	135.0	50.0	0.37037037037037035
85	86	Ramoloss	Eau	Psy	90	65	65	40	40	15	1	0	24.0	24.0	122.0	24.0	0.19672131147540983
86	87	Flagadoss	Eau	Psy	95	75	110	100	80	30	1	0	20.0	20.0	131.0	20.0	0.15267175572519084
87	88	Mega Flagadoss	Eau	Psy	95	75	180	130	80	30	1	0	16.0	16.0	116.0	16.0	0.13793103448275862
88	89	Magnéti	Electrique	Acier	25	35	70	95	55	45	1	0	24.0	24.0	143.0	24.0	0.16783216783216784
90	91	Canarticho	Normal	Vol	52	65	55	58	62	60	1	0	52.0	52.0	116.0	52.0	0.4482758620689655
91	92	Doduo	Normal	Vol	35	85	45	35	35	75	1	0	87.0	87.0	134.0	87.0	0.6492537313432836
92	93	Dodrio	Normal	Vol	60	110	70	60	60	100	1	0	121.0	121.0	143.0	121.0	0.8461538461538461
94	95	Lamantine	Eau	Glace	90	70	80	70	95	70	1	0	68.0	68.0	131.0	68.0	0.5190839694656488
98	99	Crustabri	Eau	Glace	50	95	180	85	45	70	1	0	71.0	71.0	134.0	71.0	0.5298507462686567
99	100	Fantominus	Spectre	Poison	30	35	30	100	35	80	1	0	61.0	61.0	128.0	61.0	0.4765625
100	101	Spectrum	Spectre	Poison	45	50	45	115	55	95	1	0	77.0	77.0	111.0	77.0	0.6936936936936937
101	102	Ectoplasma	Spectre	Poison	60	65	60	130	75	110	1	0	88.0	88.0	114.0	88.0	0.7719298245614035
102	103	Mega Ectoplasma	Spectre	Poison	60	65	80	170	95	130	1	0	113.0	113.0	131.0	113.0	0.8625954198473282
103	104	Onix	Roche	Sol	35	45	160	30	45	70	1	0	65.0	65.0	135.0	65.0	0.48148148148148145
110	111	Noeunoeuf	Herbe	Psy	60	40	80	60	45	40	1	0	32.0	32.0	136.0	32.0	0.23529411764705882
111	112	Noadkoko	Herbe	Psy	95	95	85	125	65	55	1	0	37.0	37.0	95.0	37.0	0.3894736842105263
119	120	Rhinocorne	Sol	Roche	80	85	95	30	30	25	1	0	34.0	34.0	119.0	34.0	0.2857142857142857
120	121	Rhinoféros	Sol	Roche	105	130	120	45	45	40	1	0	48.0	48.0	108.0	48.0	0.4444444444444444
130	131	Staross	Eau	Psy	60	75	85	100	85	115	1	0	116.0	116.0	129.0	116.0	0.8992248062015504
131	132	M. Mime	Psy	Fée	40	45	65	100	120	90	1	0	76.0	76.0	136.0	76.0	0.5588235294117647
132	133	Insécateur	Insecte	Vol	70	110	80	55	80	105	1	0	124.0	124.0	141.0	124.0	0.8794326241134752
133	134	Lippoutou	Glace	Psy	65	50	35	115	95	95	1	0	99.0	99.0	135.0	99.0	0.7333333333333333
137	138	Mega Scarabrute	Insecte	Vol	65	155	120	65	90	105	1	0	105.0	105.0	121.0	105.0	0.8677685950413223
140	141	Léviator	Eau	Vol	95	125	79	60	100	81	1	0	82.0	82.0	133.0	82.0	0.6165413533834586
141	142	Mega Léviator	Eau	Obscur	95	155	109	70	130	81	1	0	93.0	93.0	137.0	93.0	0.6788321167883211
142	143	Lokhlass	Eau	Glace	130	85	80	85	95	60	1	0	61.0	61.0	139.0	61.0	0.43884892086330934
149	150	Amonita	Roche	Eau	35	40	100	90	55	35	1	0	23.0	23.0	128.0	23.0	0.1796875
150	151	Amonistar	Roche	Eau	70	60	125	115	70	55	1	0	49.0	49.0	138.0	49.0	0.35507246376811596
151	152	Kabuto	Roche	Eau	30	80	90	55	45	55	1	0	61.0	61.0	142.0	61.0	0.4295774647887324
152	153	Kabutops	Roche	Eau	60	115	105	65	70	80	1	0	79.0	79.0	110.0	79.0	0.7181818181818181
153	154	Ptéra	Roche	Vol	80	105	65	60	75	130	1	0	136.0	136.0	141.0	136.0	0.9645390070921985
154	155	Mega Ptéra	Roche	Vol	80	135	85	70	95	150	1	0	127.0	127.0	129.0	127.0	0.9844961240310077
156	157	Artikodin	Glace	Vol	90	85	100	95	125	85	1	1	95.0	95.0	139.0	95.0	0.6834532374100719
157	158	Électhor	Electrique	Vol	90	90	85	125	90	100	1	1	93.0	93.0	121.0	93.0	0.768595041322314
158	159	Sulfura	Feu	Vol	90	100	90	125	85	90	1	1	100.0	100.0	136.0	100.0	0.7352941176470589
161	162	Dracolosse	Dragon	Vol	91	134	95	100	100	80	1	0	87.0	87.0	138.0	87.0	0.6304347826086957
163	164	Mega Mewtwo X	Psy	Combat	106	190	100	154	100	130	1	1	125.0	125.0	135.0	125.0	0.9259259259259259
177	178	Hoothoot	Normal	Vol	60	30	30	36	56	50	2	0	36.0	36.0	111.0	36.0	0.32432432432432434
178	179	Noarfang	Normal	Vol	100	50	50	76	96	70	2	0	68.0	68.0	136.0	68.0	0.5
179	180	Coxy	Insecte	Vol	40	20	30	40	80	55	2	0	28.0	28.0	123.0	28.0	0.22764227642276422
180	181	Coxyclaque	Insecte	Vol	55	35	50	55	110	85	2	0	86.0	86.0	137.0	86.0	0.6277372262773723
181	182	Mimigal	Insecte	Poison	40	60	40	40	40	30	2	0	13.0	13.0	137.0	13.0	0.0948905109489051
183	184	Nostenfer	Poison	Vol	85	90	80	70	80	130	2	0	113.0	113.0	122.0	113.0	0.9262295081967213
184	185	Loupio	Eau	Electrique	75	38	38	56	56	67	2	0	60.0	60.0	114.0	60.0	0.5263157894736842
185	186	Lanturn	Eau	Electrique	125	58	58	76	76	67	2	0	66.0	66.0	128.0	66.0	0.515625
188	189	Toudoudou	Normal	Fée	90	30	15	40	20	15	2	0	5.0	5.0	115.0	5.0	0.043478260869565216
190	191	Togetic	Fée	Vol	55	40	85	80	105	40	2	0	30.0	30.0	127.0	30.0	0.23622047244094488
191	192	Natu	Psy	Vol	40	50	45	70	45	70	2	0	64.0	64.0	116.0	64.0	0.5517241379310345
192	193	Xatu	Psy	Vol	65	75	70	95	70	95	2	0	88.0	88.0	121.0	88.0	0.7272727272727273
196	197	Mega Pharamp	Electrique	Dragon	90	95	105	165	110	45	2	0	37.0	37.0	128.0	37.0	0.2890625
198	199	Marill	Eau	Fée	70	20	50	20	50	40	2	0	19.0	19.0	122.0	19.0	0.1557377049180328
199	200	Azumarill	E	Fée	100	50	80	60	80	50	2	0	44.0	44.0	128.0	44.0	0.34375
202	203	Granivol	Herbe	Vol	35	35	40	35	55	50	2	0	48.0	48.0	119.0	48.0	0.40336134453781514
203	204	Floravol	Herbe	Vol	55	45	50	45	65	80	2	0	66.0	66.0	119.0	66.0	0.5546218487394958
204	205	Cotovol	Herbe	Vol	75	55	70	55	95	110	2	0	114.0	114.0	135.0	114.0	0.8444444444444444
208	209	Yanma	Insecte	Vol	65	65	45	75	45	95	2	0	90.0	90.0	125.0	90.0	0.72
209	210	Axoloto	Eau	Sol	55	45	45	25	25	15	2	0	6.0	6.0	125.0	6.0	0.048
210	211	Maraiste	Eau	Sol	95	85	85	65	65	35	2	0	36.0	36.0	140.0	36.0	0.2571428571428571
213	214	Cornèbre	Obscur	Vol	60	85	42	85	42	91	2	0	130.0	130.0	158.0	130.0	0.8227848101265823
214	215	Roigada	Eau	Psy	95	75	80	100	110	30	2	0	32.0	32.0	132.0	32.0	0.24242424242424243
218	219	Girafarig	Normal	Psy	70	80	65	90	65	85	2	0	74.0	74.0	128.0	74.0	0.578125
220	221	Foretress	Insecte	Acier	75	90	140	60	60	40	2	0	37.0	37.0	123.0	37.0	0.3008130081300813
222	223	Scorplane	Sol	Vol	65	75	105	35	65	85	2	0	93.0	93.0	134.0	93.0	0.6940298507462687
223	224	Steelix	Acier	Sol	75	85	200	55	65	30	2	0	25.0	25.0	149.0	25.0	0.16778523489932887
224	225	Mega Steelix	Acier	Sol	75	125	230	55	95	30	2	0	50.0	50.0	145.0	50.0	0.3448275862068966
227	228	Qwilfish	Eau	Poison	65	95	75	55	55	85	2	0	104.0	104.0	150.0	104.0	0.6933333333333334
228	229	Cizayox	Insecte	Acier	70	130	100	55	80	65	2	0	76.0	76.0	125.0	76.0	0.608
229	230	Mega Cizayox	Insecte	Acier	70	150	140	65	100	75	2	0	77.0	77.0	140.0	77.0	0.55
231	232	Scarhino	Insecte	Combat	80	125	75	40	95	85	2	0	94.0	94.0	136.0	94.0	0.6911764705882353
232	233	Mega Scarhino	Insecte	Combat	80	185	115	40	105	75	2	0	81.0	81.0	130.0	81.0	0.6230769230769231
233	234	Farfuret	Obscur	Glace	55	95	55	35	75	115	2	0	106.0	106.0	113.0	106.0	0.9380530973451328
237	238	Volcaropod	Feu	Roche	50	50	120	80	80	30	2	0	9.0	9.0	124.0	9.0	0.07258064516129033
238	239	Marcacrin	Glace	Sol	50	50	40	30	30	50	2	0	37.0	37.0	133.0	37.0	0.2781954887218045
239	240	Cochignon	Glace	Sol	100	100	80	60	60	50	2	0	36.0	36.0	118.0	36.0	0.3050847457627119
240	241	Corayon	Eau	Roche	55	55	85	65	85	35	2	0	28.0	28.0	139.0	28.0	0.2014388489208633
243	244	Cadoizo	Glace	Vol	45	55	45	65	45	75	2	0	74.0	74.0	130.0	74.0	0.5692307692307692
244	245	Démanta	Eau	Vol	65	40	70	80	140	70	2	0	78.0	78.0	131.0	78.0	0.5954198473282443
245	246	Airmure	Acier	Vol	65	80	140	40	70	70	2	0	70.0	70.0	134.0	70.0	0.5223880597014925
246	247	Malosse	Obscur	Feu	45	60	30	80	50	65	2	0	58.0	58.0	126.0	58.0	0.4603174603174603
247	248	Démolosse	Obscur	Feu	75	90	50	110	80	95	2	0	111.0	111.0	139.0	111.0	0.7985611510791367
248	249	Mega Démolosse	Obscur	Feu	75	90	90	140	90	115	2	0	128.0	128.0	135.0	128.0	0.9481481481481482
249	250	Hyporoi	Eau	Dragon	75	95	95	95	95	85	2	0	88.0	88.0	136.0	88.0	0.6470588235294118
257	258	Lippouti	Glace	Psy	45	30	15	85	65	65	2	0	46.0	46.0	127.0	46.0	0.36220472440944884
265	266	Embrylex	Roche	Sol	50	64	50	45	50	41	2	0	25.0	25.0	110.0	25.0	0.22727272727272727
266	267	Ymphect	Roche	Sol	70	84	70	65	70	51	2	0	41.0	41.0	139.0	41.0	0.2949640287769784
267	268	Tyranocif	Roche	Obscur	100	134	110	95	100	61	2	0	56.0	56.0	138.0	56.0	0.4057971014492754
268	269	Mega Tyranocif	Roche	Obscur	100	164	150	95	120	71	2	0	70.0	70.0	124.0	70.0	0.5645161290322581
269	270	Lugia	Psy	Vol	106	90	130	90	154	110	2	1	107.0	107.0	123.0	107.0	0.8699186991869918
270	271	Ho-Oh	Feu	Vol	106	130	90	110	154	90	2	1	77.0	77.0	107.0	77.0	0.719626168224299
271	272	Celebi	Psy	Herbe	100	100	100	100	100	100	2	0	111.0	111.0	133.0	111.0	0.8345864661654135
275	276	Mega Jungko	Herbe	Dragon	70	110	75	145	85	145	3	0	119.0	119.0	126.0	119.0	0.9444444444444444
277	278	Galifeu	Feu	Combat	60	85	60	85	60	55	3	0	54.0	54.0	147.0	54.0	0.3673469387755102
278	279	Braségali	Feu	Combat	80	120	70	110	70	80	3	0	79.0	79.0	123.0	79.0	0.6422764227642277
279	280	Mega Braségali	Feu	Combat	80	160	80	130	80	100	3	0	104.0	104.0	123.0	104.0	0.8455284552845529
281	282	Flobio	Eau	Sol	70	85	70	60	70	50	3	0	42.0	42.0	148.0	42.0	0.28378378378378377
282	283	Laggron	Eau	Sol	100	110	90	85	90	60	3	0	65.0	65.0	136.0	65.0	0.47794117647058826
283	284	Mega Laggron	Eau	Sol	100	150	110	95	110	70	3	0	77.0	77.0	130.0	77.0	0.5923076923076923
290	291	Charmillon	Insecte	Vol	60	70	50	100	50	65	3	0	72.0	72.0	138.0	72.0	0.5217391304347826
292	293	Papinox	Insecte	Poison	60	50	70	50	90	65	3	0	55.0	55.0	139.0	55.0	0.39568345323741005
293	294	Nénupiot	Eau	Herbe	40	30	30	40	50	30	3	0	10.0	10.0	126.0	10.0	0.07936507936507936
294	295	Lombre	Eau	Herbe	60	50	50	60	70	50	3	0	36.0	36.0	127.0	36.0	0.28346456692913385
295	296	Ludicolo	Eau	Herbe	80	70	70	90	100	70	3	0	69.0	69.0	123.0	69.0	0.5609756097560976
297	298	Pifeuil	Herbe	Obscur	70	70	40	60	40	60	3	0	48.0	48.0	113.0	48.0	0.4247787610619469
298	299	Tengalice	Herbe	Obscur	90	100	60	90	60	80	3	0	79.0	79.0	123.0	79.0	0.6422764227642277
299	300	Nirondelle	Normal	Vol	40	55	30	30	30	85	3	0	86.0	86.0	125.0	86.0	0.688
300	301	Hélédelle	Normal	Vol	60	85	60	50	50	125	3	0	110.0	110.0	121.0	110.0	0.9090909090909091
301	302	Goélise	Eau	Vol	40	30	30	55	30	85	3	0	56.0	56.0	120.0	56.0	0.4666666666666667
302	303	Bekipan	Eau	Vol	60	50	100	85	70	65	3	0	59.0	59.0	124.0	59.0	0.47580645161290325
303	304	Tarsal	Psy	Fée	28	25	25	45	35	40	3	0	23.0	23.0	143.0	23.0	0.16083916083916083
304	305	Kirlia	Psy	Fée	38	35	35	65	55	50	3	0	36.0	36.0	136.0	36.0	0.2647058823529412
305	306	Gardevoir	Psy	Fée	68	65	65	125	115	80	3	0	84.0	84.0	130.0	84.0	0.6461538461538462
306	307	Mega Gardevoir	Psy	Fée	68	85	65	165	135	100	3	0	97.0	97.0	120.0	97.0	0.8083333333333333
307	308	Arakdo	Insecte	Eau	40	30	32	50	52	65	3	0	47.0	47.0	128.0	47.0	0.3671875
308	309	Maskadra	Insecte	Vol	70	60	62	80	82	60	3	0	63.0	63.0	144.0	63.0	0.4375
310	311	Chapignon	Herbe	Combat	60	130	80	60	60	70	3	0	67.0	67.0	130.0	67.0	0.5153846153846153
314	315	Ningale	Insecte	Sol	31	45	90	30	30	40	3	0	25.0	25.0	114.0	25.0	0.21929824561403508
315	316	Ninjask	Insecte	Vol	61	90	45	50	50	160	3	0	108.0	108.0	117.0	108.0	0.9230769230769231
316	317	Munja	Insecte	Spectre	1	90	45	30	30	40	3	0	41.0	41.0	124.0	41.0	0.33064516129032256
322	323	Azurill	Normal	Fée	50	20	40	20	40	20	3	0	13.0	13.0	135.0	13.0	0.0962962962962963
326	327	Ténéfix	Obscur	Spectre	50	75	75	65	65	50	3	0	49.0	49.0	121.0	49.0	0.4049586776859504
327	328	Mega Ténéfix	Obscur	Spectre	50	85	125	85	115	20	3	0	59.0	59.0	137.0	59.0	0.4306569343065693
328	329	Mysdibule	Acier	Fée	50	85	85	55	55	50	3	0	48.0	48.0	123.0	48.0	0.3902439024390244
329	330	Mega Mysdibule	Acier	Fée	50	105	125	55	95	50	3	0	53.0	53.0	141.0	53.0	0.375886524822695
330	331	Galekid	Acier	Roche	50	70	100	40	40	30	3	0	28.0	28.0	126.0	28.0	0.2222222222222222
331	332	Galegon	Acier	Roche	60	90	140	50	50	40	3	0	36.0	36.0	142.0	36.0	0.2535211267605634
332	333	Galeking	Acier	Roche	70	110	180	60	60	50	3	0	63.0	63.0	153.0	63.0	0.4117647058823529
334	335	Méditikka	Combat	Psy	30	40	55	40	55	60	3	0	45.0	45.0	139.0	45.0	0.3237410071942446
335	336	Charmina	Combat	Psy	60	60	75	60	75	80	3	0	82.0	82.0	112.0	82.0	0.7321428571428571
336	337	Mega Charmina	Combat	Psy	60	100	85	80	85	100	3	0	89.0	89.0	127.0	89.0	0.7007874015748031
344	345	Rosélia	Herbe	Poison	50	60	45	100	80	65	3	0	53.0	53.0	116.0	53.0	0.45689655172413796
347	348	Carvanha	Eau	Obscur	45	90	20	65	20	65	3	0	66.0	66.0	129.0	66.0	0.5116279069767442
348	349	Sharpedo	Eau	Obscur	70	120	40	95	40	95	3	0	107.0	107.0	132.0	107.0	0.8106060606060606
349	350	Mega Sharpedo	Eau	Obscur	70	140	70	110	65	105	3	0	114.0	114.0	120.0	114.0	0.95
352	353	Chamallot	Feu	Sol	60	60	40	65	45	35	3	0	19.0	19.0	120.0	19.0	0.15833333333333333
353	354	Camérupt	Feu	Sol	70	100	70	105	75	40	3	0	26.0	26.0	112.0	26.0	0.23214285714285715
354	355	Mega Camérupt	Feu	Sol	70	120	100	145	105	20	3	0	37.0	37.0	131.0	37.0	0.2824427480916031
360	361	Vibraninf	Sol	Dragon	50	70	50	50	50	70	3	0	70.0	70.0	124.0	70.0	0.5645161290322581
361	362	Libégon	Sol	Dragon	80	100	80	80	80	100	3	0	105.0	105.0	116.0	105.0	0.9051724137931034
363	364	Cacturne	Herbe	Obscur	70	115	60	115	60	55	3	0	66.0	66.0	142.0	66.0	0.4647887323943662
364	365	Tylton	Normal	Vol	45	40	60	40	75	50	3	0	36.0	36.0	123.0	36.0	0.2926829268292683
365	366	Altaria	Dragon	Vol	75	70	90	70	105	80	3	0	82.0	82.0	125.0	82.0	0.656
366	367	Mega Altaria	Dragon	Fée	75	110	110	110	105	80	3	0	90.0	90.0	137.0	90.0	0.656934306569343
369	370	Séléroc	Roche	Psy	70	55	65	95	85	70	3	0	69.0	69.0	130.0	69.0	0.5307692307692308
370	371	Solaroc	Roche	Psy	70	95	85	55	65	70	3	0	54.0	54.0	108.0	54.0	0.5
371	372	Barloche	Eau	Sol	50	48	43	46	41	60	3	0	70.0	70.0	148.0	70.0	0.47297297297297297
372	373	Barbicha	Eau	Sol	110	78	73	76	71	60	3	0	41.0	41.0	123.0	41.0	0.3333333333333333
374	375	Colhomard	Eau	Obscur	63	120	85	90	55	55	3	0	34.0	34.0	121.0	34.0	0.2809917355371901
375	376	Balbuto	Sol	Psy	40	40	55	40	70	55	3	0	61.0	61.0	149.0	61.0	0.40939597315436244
376	377	Kaorine	Sol	Psy	60	70	105	70	120	75	3	0	73.0	73.0	122.0	73.0	0.5983606557377049
377	378	Lilia	Roche	Herbe	66	41	77	61	87	23	3	0	15.0	15.0	124.0	15.0	0.12096774193548387
378	379	Vacilys	Roche	Herbe	86	81	97	81	107	43	3	0	26.0	26.0	128.0	26.0	0.203125
379	380	Anorith	Roche	Insecte	45	95	50	40	50	75	3	0	81.0	81.0	150.0	81.0	0.54
380	381	Armaldo	Roche	Insecte	75	125	100	70	80	45	3	0	37.0	37.0	112.0	37.0	0.33035714285714285
390	391	Tropius	Herbe	Vol	99	68	83	72	87	51	3	0	56.0	56.0	134.0	56.0	0.417910447761194
398	399	Obalie	Glace	Eau	70	40	50	55	50	25	3	0	8.0	8.0	131.0	8.0	0.061068702290076333
399	400	Phogleur	Glace	Eau	90	60	70	75	70	45	3	0	32.0	32.0	134.0	32.0	0.23880597014925373
400	401	Kaimorse	Glace	Eau	110	80	90	95	90	65	3	0	75.0	75.0	149.0	75.0	0.5033557046979866
404	405	Relicanth	Eau	Roche	100	90	130	45	65	55	3	0	57.0	57.0	134.0	57.0	0.4253731343283582
408	409	Drattak	Dragon	Vol	95	135	80	110	80	100	3	0	113.0	113.0	137.0	113.0	0.8248175182481752
409	410	Mega Drattak	Dragon	Vol	95	145	130	120	90	120	3	0	125.0	125.0	133.0	125.0	0.9398496240601504
410	411	Terhal	Acier	Psy	40	55	80	35	60	30	3	0	20.0	20.0	133.0	20.0	0.15037593984962405
411	412	Métang	Acier	Psy	60	75	100	55	80	50	3	0	42.0	42.0	136.0	42.0	0.3088235294117647
412	413	Métalosse	Acier	Psy	80	135	130	95	90	70	3	0	57.0	57.0	110.0	57.0	0.5181818181818182
413	414	Mega Métalosse	Acier	Psy	80	145	150	105	110	110	3	0	113.0	113.0	130.0	113.0	0.8692307692307693
417	418	Latias	Dragon	Psy	80	80	90	110	130	110	3	1	116.0	116.0	133.0	116.0	0.8721804511278195
419	420	Latios	Dragon	Psy	80	90	80	130	110	110	3	1	107.0	107.0	125.0	107.0	0.856
420	421	Mega Latios	Dragon	Psy	80	130	100	160	120	110	3	1	97.0	97.0	108.0	97.0	0.8981481481481481
424	425	Groudon primaire	Sol	Feu	100	180	160	150	90	90	3	1	91.0	91.0	121.0	91.0	0.7520661157024794
425	426	Rayquaza	Dragon	Vol	105	150	90	150	90	95	3	1	116.0	116.0	140.0	116.0	0.8285714285714286
426	427	Mega Rayquaza	Dragon	Vol	105	180	100	180	100	115	3	1	127.0	127.0	134.0	127.0	0.9477611940298507
427	428	Jirachi	Acier	Psy	100	100	100	100	100	100	3	1	134.0	134.0	153.0	134.0	0.8758169934640523
434	435	Torterra	Herbe	Sol	95	109	105	75	85	56	4	0	39.0	39.0	113.0	39.0	0.34513274336283184
436	437	Chimpenfeu	Feu	Combat	64	78	52	78	52	81	4	0	79.0	79.0	123.0	79.0	0.6422764227642277
437	438	Simiabraz	Feu	Combat	76	104	71	104	71	108	4	0	136.0	136.0	149.0	136.0	0.912751677852349
440	441	Pingoléon	Eau	Acier	84	86	88	111	101	60	4	0	57.0	57.0	123.0	57.0	0.4634146341463415
441	442	Étourmi	Normal	Vol	40	55	30	30	30	60	4	0	54.0	54.0	124.0	54.0	0.43548387096774194
442	443	Étourvol	Normal	Vol	55	75	50	40	40	80	4	0	75.0	75.0	119.0	75.0	0.6302521008403361
443	444	Étouraptor	Normal	Vol	85	120	70	50	60	100	4	0	113.0	113.0	136.0	113.0	0.8308823529411765
445	446	Castorno	Normal	Eau	79	85	60	55	60	71	4	0	84.0	84.0	139.0	84.0	0.60431654676259
451	452	Rozbouton	Herbe	Poison	40	30	35	50	70	55	4	0	33.0	33.0	117.0	33.0	0.28205128205128205
452	453	Roserade	Herbe	Poison	60	70	65	125	105	90	4	0	94.0	94.0	136.0	94.0	0.6911764705882353
455	456	Dinoclier	Roche	Acier	30	42	118	42	88	30	4	0	14.0	14.0	125.0	14.0	0.112
456	457	Bastiodon	Roche	Acier	60	52	168	47	138	30	4	0	24.0	24.0	121.0	24.0	0.19834710743801653
458	459	Cheniselle cape de plante	Insecte	Herbe	60	59	85	79	105	36	4	0	21.0	21.0	126.0	21.0	0.16666666666666666
459	460	Cheniselle cape de sable	Insecte	Sol	60	79	105	59	85	36	4	0	22.0	22.0	129.0	22.0	0.17054263565891473
460	461	Cheniselle cape de corbeille	Insecte	Acier	60	69	95	69	95	36	4	0	36.0	36.0	138.0	36.0	0.2608695652173913
461	462	Papilord	Insecte	Vol	70	94	50	94	50	66	4	0	65.0	65.0	135.0	65.0	0.48148148148148145
462	463	Apitrini	Insecte	Vol	30	30	42	30	42	70	4	0	55.0	55.0	130.0	55.0	0.4230769230769231
463	464	Apireine	Insecte	Vol	70	80	102	80	102	40	4	0	34.0	34.0	127.0	34.0	0.2677165354330709
470	471	Tritosor	Eau	Sol	111	83	68	92	82	39	4	0	22.0	22.0	124.0	22.0	0.1774193548387097
472	473	Baudrive	Spectre	Vol	90	50	34	60	44	70	4	0	71.0	71.0	113.0	71.0	0.6283185840707964
473	474	Grodrive	Spectre	Vol	150	80	44	90	54	80	4	0	80.0	80.0	128.0	80.0	0.625
476	477	Mega Lockpin	Normal	Combat	65	136	94	54	96	135	4	0	124.0	124.0	129.0	124.0	0.9612403100775194
482	483	Moufouette	Poison	Obscur	63	63	47	41	41	74	4	0	70.0	70.0	125.0	70.0	0.56
483	484	Moufflair	Poison	Obscur	103	93	67	71	61	84	4	0	85.0	85.0	119.0	85.0	0.7142857142857143
484	485	Archéomire	Acier	Psy	57	24	86	24	86	23	4	0	14.0	14.0	110.0	14.0	0.12727272727272726
485	486	Archéodong	Acier	Psy	67	89	116	79	116	33	4	0	37.0	37.0	141.0	37.0	0.2624113475177305
487	488	Mime Jr.	Psy	Fée	20	25	45	70	90	60	4	0	37.0	37.0	120.0	37.0	0.30833333333333335
489	490	Pijako	Normal	Vol	76	65	45	92	42	91	4	0	111.0	111.0	149.0	111.0	0.7449664429530202
490	491	Spiritomb	Spectre	Obscur	50	92	108	92	108	35	4	0	29.0	29.0	118.0	29.0	0.2457627118644068
491	492	Griknot	Dragon	Sol	58	70	45	40	45	42	4	0	35.0	35.0	135.0	35.0	0.25925925925925924
492	493	Carmache	Dragon	Sol	68	90	65	50	55	82	4	0	82.0	82.0	133.0	82.0	0.6165413533834586
493	494	Carchacrok	Dragon	Sol	108	130	95	80	85	102	4	0	97.0	97.0	127.0	97.0	0.7637795275590551
494	495	Mega Carchacrok	Dragon	Sol	108	170	115	120	95	92	4	0	85.0	85.0	120.0	85.0	0.7083333333333334
497	498	Lucario	Combat	Acier	70	110	70	115	70	90	4	0	90.0	90.0	120.0	90.0	0.75
498	499	Mega Lucario	Combat	Acier	70	145	88	140	70	112	4	0	96.0	96.0	108.0	96.0	0.8888888888888888
501	502	Rapion	Poison	Insecte	40	50	90	30	55	65	4	0	63.0	63.0	141.0	63.0	0.44680851063829785
502	503	Drascore	Poison	Obscur	70	90	110	60	75	95	4	0	88.0	88.0	120.0	88.0	0.7333333333333333
503	504	Cradopaud	Poison	Combat	48	61	40	61	40	50	4	0	29.0	29.0	114.0	29.0	0.2543859649122807
504	505	Coatox	Poison	Combat	83	106	65	86	65	85	4	0	85.0	85.0	128.0	85.0	0.6640625
508	509	Babimanta	Eau	Vol	45	20	50	60	120	50	4	0	26.0	26.0	108.0	26.0	0.24074074074074073
509	510	Blizzi	Herbe	Glace	60	62	50	62	60	40	4	0	22.0	22.0	121.0	22.0	0.18181818181818182
510	511	Blizzaroi	Herbe	Glace	90	92	75	92	85	60	4	0	60.0	60.0	121.0	60.0	0.49586776859504134
511	512	Mega Blizzaroi	Herbe	Glace	90	132	105	132	105	30	4	0	62.0	62.0	146.0	62.0	0.4246575342465753
512	513	Dimoret	Obscur	Glace	70	120	65	45	85	125	4	0	116.0	116.0	119.0	116.0	0.9747899159663865
513	514	Magnézone	Electrique	Acier	70	70	115	130	90	60	4	0	63.0	63.0	118.0	63.0	0.5338983050847458
515	516	Rhinastoc	Sol	Roche	115	140	130	55	55	40	4	0	47.0	47.0	104.0	47.0	0.4519230769230769
519	520	Togekiss	Fée	Vol	85	50	95	120	115	80	4	0	73.0	73.0	126.0	73.0	0.5793650793650794
520	521	Yanméga	Insecte	Vol	86	76	86	116	56	95	4	0	91.0	91.0	114.0	91.0	0.7982456140350878
523	524	Scorvol	Sol	Vol	75	95	125	45	75	95	4	0	109.0	109.0	132.0	109.0	0.8257575757575758
524	525	Mammochon	Glace	Sol	110	130	80	70	60	80	4	0	68.0	68.0	116.0	68.0	0.5862068965517241
526	527	Gallame	Psy	Combat	68	125	65	65	115	80	4	0	86.0	86.0	137.0	86.0	0.6277372262773723
527	528	Mega Gallame	Psy	Combat	68	165	95	65	115	110	4	0	112.0	112.0	130.0	112.0	0.8615384615384616
528	529	Tarinorme	Roche	Acier	60	55	145	75	150	40	4	0	26.0	26.0	130.0	26.0	0.2
530	531	Momartik	Glace	Spectre	70	80	70	80	70	110	4	0	91.0	91.0	138.0	91.0	0.6594202898550725
531	532	Motisma	Electrique	Spectre	50	50	77	95	77	91	4	0	71.0	71.0	120.0	71.0	0.5916666666666667
532	533	Motisma chaud	Electrique	Feu	50	65	107	105	107	86	4	0	79.0	79.0	113.0	79.0	0.6991150442477876
533	534	Mirosa lavage	Electrique	Eau	50	65	107	105	107	86	4	0	90.0	90.0	116.0	90.0	0.7758620689655172
534	535	Motisma frost	Electrique	Glace	50	65	107	105	107	86	4	0	90.0	90.0	128.0	90.0	0.703125
535	536	Motisma	Electrique	Vol	50	65	107	105	107	86	4	0	88.0	88.0	121.0	88.0	0.7272727272727273
536	537	Mitosma tondu	Electrique	Herbe	50	65	107	105	107	86	4	0	98.0	98.0	134.0	98.0	0.7313432835820896
540	541	Dialga	Acier	Dragon	100	120	120	150	100	90	4	1	119.0	119.0	151.0	119.0	0.7880794701986755
541	542	Palkia	Eau	Dragon	90	120	100	150	120	100	4	1	115.0	115.0	149.0	115.0	0.7718120805369127
542	543	Heatran	Feu	Acier	91	90	106	130	106	77	4	1	85.0	85.0	131.0	85.0	0.648854961832061
544	545	Giratina forme modifiée	Spectre	Dragon	150	100	120	100	120	90	4	1	74.0	74.0	111.0	74.0	0.6666666666666666
545	546	Giratina forme originale	Spectre	Dragon	150	120	100	120	100	90	4	1	89.0	89.0	134.0	89.0	0.664179104477612
551	552	Shaymin forme de ciel	Herbe	Vol	100	103	75	120	75	127	4	1	111.0	111.0	118.0	111.0	0.940677966101695
553	554	Victini	Psy	Feu	100	100	100	100	100	100	5	1	115.0	115.0	131.0	115.0	0.8778625954198473
558	559	Grotichon	Feu	Combat	90	93	55	70	55	55	5	0	55.0	55.0	144.0	55.0	0.3819444444444444
559	560	Roitiflam	Feu	Combat	110	123	65	100	65	65	5	0	72.0	72.0	138.0	72.0	0.5217391304347826
578	579	Poichigeon	Normal	Vol	50	55	50	36	30	43	5	0	45.0	45.0	154.0	45.0	0.2922077922077922
579	580	Colombeau	Normal	Vol	62	77	62	50	42	65	5	0	60.0	60.0	124.0	60.0	0.4838709677419355
580	581	Déflaisan	Normal	Vol	80	115	80	65	55	93	5	0	102.0	102.0	130.0	102.0	0.7846153846153846
586	587	Chovsourir	Psy	Vol	55	45	43	55	43	72	5	0	72.0	72.0	123.0	72.0	0.5853658536585366
587	588	Rhinolove	Psy	Vol	67	57	55	77	55	114	5	0	103.0	103.0	116.0	103.0	0.8879310344827587
589	590	Minotaupe	Sol	Acier	110	135	60	50	65	88	5	0	103.0	103.0	133.0	103.0	0.7744360902255639
591	592	Mega Nanméouïe	Normal	Fée	103	60	126	80	126	50	5	0	48.0	48.0	132.0	48.0	0.36363636363636365
596	597	Batracné	Eau	Sol	75	65	55	65	55	69	5	0	54.0	54.0	124.0	54.0	0.43548387096774194
597	598	Crapustule	Eau	Sol	105	95	75	85	75	74	5	0	68.0	68.0	119.0	68.0	0.5714285714285714
600	601	Larveyette	Insecte	Herbe	45	53	70	40	60	42	5	0	35.0	35.0	136.0	35.0	0.25735294117647056
601	602	Couverdure	Insecte	Herbe	55	63	90	50	80	42	5	0	26.0	26.0	123.0	26.0	0.21138211382113822
602	603	Manternel	Insecte	Herbe	75	103	80	70	80	92	5	0	96.0	96.0	121.0	96.0	0.7933884297520661
603	604	Venipatte	Insecte	Poison	30	45	59	30	39	57	5	0	37.0	37.0	132.0	37.0	0.2803030303030303
604	605	Scobolide	Insecte	Poison	40	55	99	40	79	47	5	0	26.0	26.0	99.0	26.0	0.26262626262626265
605	606	Brutapode	Insecte	Poison	60	100	89	55	69	112	5	0	106.0	106.0	114.0	106.0	0.9298245614035088
606	607	Doudouvet	Herbe	Fée	40	27	60	37	50	66	5	0	46.0	46.0	127.0	46.0	0.36220472440944884
607	608	Farfaduvet	Herbe	Fée	60	67	85	77	75	116	5	0	104.0	104.0	117.0	104.0	0.8888888888888888
611	612	Mascaïman	Sol	Obscur	50	72	35	35	35	65	5	0	72.0	72.0	134.0	72.0	0.5373134328358209
612	613	Escroco	Sol	Obscur	60	82	45	45	45	74	5	0	65.0	65.0	113.0	65.0	0.5752212389380531
613	614	Crocorible	Sol	Obscur	95	117	80	65	70	92	5	0	111.0	111.0	132.0	111.0	0.8409090909090909
616	617	Darumacho mode zen	Feu	Psy	105	30	105	140	105	55	5	0	43.0	43.0	122.0	43.0	0.3524590163934426
618	619	Crabicoque	Insecte	Roche	50	65	85	35	35	55	5	0	43.0	43.0	132.0	43.0	0.32575757575757575
619	620	Crabaraque	Insecte	Roche	70	95	125	65	75	45	5	0	40.0	40.0	119.0	40.0	0.33613445378151263
620	621	Baggiguane	Obscur	Combat	50	75	70	35	70	48	5	0	32.0	32.0	109.0	32.0	0.29357798165137616
621	622	Baggaïd	Obscur	Combat	65	90	115	45	115	58	5	0	61.0	61.0	121.0	61.0	0.5041322314049587
622	623	Cryptéro	Psy	Vol	72	58	80	103	80	97	5	0	109.0	109.0	152.0	109.0	0.7171052631578947
625	626	Carapagos	Eau	Roche	54	78	103	53	45	22	5	0	30.0	30.0	129.0	30.0	0.23255813953488372
626	627	Mégapagos	Eau	Roche	74	108	133	83	65	32	5	0	45.0	45.0	140.0	45.0	0.32142857142857145
627	628	Arkéapti	Roche	Vol	55	112	45	74	45	70	5	0	66.0	66.0	118.0	66.0	0.559322033898305
628	629	Aéroptéryx	Roche	Vol	75	140	65	112	65	110	5	0	117.0	117.0	128.0	117.0	0.9140625
641	642	Couaneton	Eau	Vol	62	44	50	44	50	55	5	0	45.0	45.0	124.0	45.0	0.3629032258064516
642	643	Lakmécygne	Eau	Vol	75	87	63	87	63	98	5	0	103.0	103.0	119.0	103.0	0.865546218487395
646	647	Vivaldaim	Normal	Herbe	60	60	50	40	50	75	5	0	70.0	70.0	119.0	70.0	0.5882352941176471
647	648	Haydaim	Normal	Herbe	80	100	70	60	70	95	5	0	89.0	89.0	120.0	89.0	0.7416666666666667
648	649	Emolga	Electrique	Vol	55	75	60	75	60	103	5	0	91.0	91.0	114.0	91.0	0.7982456140350878
650	651	Lançargot	Insecte	Acier	70	135	105	60	105	20	5	0	72.0	72.0	124.0	72.0	0.5806451612903226
651	652	Trompignon	Herbe	Poison	69	55	45	55	55	15	5	0	14.0	14.0	120.0	14.0	0.11666666666666667
652	653	Gaulet	Herbe	Poison	114	85	70	85	80	30	5	0	25.0	25.0	121.0	25.0	0.2066115702479339
653	654	Viskuse	Eau	Spectre	55	40	50	65	85	40	5	0	42.0	42.0	132.0	42.0	0.3181818181818182
656	657	Statitik	Insecte	Electrique	50	47	50	57	50	65	5	0	64.0	64.0	138.0	64.0	0.463768115942029
657	658	Mygavolt	Insecte	Electrique	70	77	60	97	60	108	5	0	115.0	115.0	137.0	115.0	0.8394160583941606
658	659	Grindur	Herbe	Acier	44	50	91	24	86	10	5	0	22.0	22.0	111.0	22.0	0.1981981981981982
659	660	Noacier	Herbe	Acier	74	94	131	54	116	20	5	0	61.0	61.0	136.0	61.0	0.4485294117647059
668	669	Funécire	Spectre	Feu	50	30	55	65	55	20	5	0	16.0	16.0	117.0	16.0	0.13675213675213677
669	670	Mélancolux	Spectre	Feu	60	40	60	95	60	55	5	0	57.0	57.0	135.0	57.0	0.4222222222222222
670	671	Lugulabre	Spectre	Feu	60	55	90	145	90	80	5	0	68.0	68.0	112.0	68.0	0.6071428571428571
679	680	Limonde	Sol	Electrique	109	66	84	81	99	32	5	0	29.0	29.0	144.0	29.0	0.2013888888888889
683	684	Gringolem	Sol	Spectre	59	74	50	35	50	35	5	0	40.0	40.0	128.0	40.0	0.3125
684	685	Golemastoc	Sol	Spectre	89	124	80	55	80	55	5	0	72.0	72.0	126.0	72.0	0.5714285714285714
685	686	Scalpion	Obscur	Acier	45	85	70	40	40	60	5	0	57.0	57.0	109.0	57.0	0.5229357798165137
686	687	Scalproie	Obscur	Acier	65	125	100	60	70	70	5	0	86.0	86.0	141.0	86.0	0.6099290780141844
688	689	Furaiglon	Normal	Vol	70	83	50	37	50	60	5	0	41.0	41.0	122.0	41.0	0.3360655737704918
689	690	Gueriaigle	Normal	Vol	100	123	75	57	75	80	5	0	108.0	108.0	156.0	108.0	0.6923076923076923
690	691	Vostourno	Obscur	Vol	70	55	75	45	65	60	5	0	56.0	56.0	122.0	56.0	0.45901639344262296
691	692	Vaututrice	Obscur	Vol	110	65	105	55	95	80	5	0	92.0	92.0	147.0	92.0	0.6258503401360545
693	694	Fermite	Insecte	Acier	58	109	112	48	48	109	5	0	118.0	118.0	134.0	118.0	0.8805970149253731
694	695	Solochi	Obscur	Dragon	52	65	50	45	50	38	5	0	34.0	34.0	124.0	34.0	0.27419354838709675
695	696	Diamat	Obscur	Dragon	72	85	70	65	70	58	5	0	57.0	57.0	138.0	57.0	0.41304347826086957
696	697	Trioxhydre	Obscur	Dragon	92	105	90	125	90	98	5	0	106.0	106.0	129.0	106.0	0.8217054263565892
697	698	Pyronille	Insecte	Feu	55	85	55	50	55	60	5	0	58.0	58.0	137.0	58.0	0.4233576642335766
698	699	Pyrax	Insecte	Feu	85	60	65	135	105	100	5	0	103.0	103.0	137.0	103.0	0.7518248175182481
699	700	Cobaltium	Acier	Combat	91	90	129	90	72	108	5	1	117.0	117.0	128.0	117.0	0.9140625
700	701	Terrakium	Roche	Combat	91	129	90	72	90	108	5	1	105.0	105.0	123.0	105.0	0.8536585365853658
701	702	Viridium	Herbe	Combat	91	90	72	90	129	108	5	1	112.0	112.0	125.0	112.0	0.896
704	705	Fulguris forme Incarnate	Electrique	Vol	79	115	70	125	80	111	5	1	108.0	108.0	125.0	108.0	0.864
705	706	Fulguris forme Therian	Electrique	Vol	79	105	70	145	80	101	5	1	99.0	99.0	115.0	99.0	0.8608695652173913
706	707	Reshiram	Dragon	Feu	100	120	100	150	120	90	5	1	91.0	91.0	125.0	91.0	0.728
707	708	Zekrom	Dragon	Electrique	100	150	120	120	100	90	5	1	100.0	100.0	154.0	100.0	0.6493506493506493
708	709	Démétéros forme incarnée	Sol	Vol	89	125	90	115	80	101	5	1	89.0	89.0	102.0	89.0	0.8725490196078431
709	710	Démétéros forme Therian	Sol	Vol	89	145	90	105	80	91	5	1	112.0	112.0	131.0	112.0	0.8549618320610687
710	711	Kyurem	Dragon	Glace	125	130	90	130	90	95	5	1	99.0	99.0	128.0	99.0	0.7734375
711	712	Kyurem noir	Dragon	Glace	125	170	100	120	90	95	5	1	77.0	77.0	100.0	77.0	0.77
712	713	Kyurem blanc	Dragon	Glace	125	120	90	170	100	95	5	1	100.0	100.0	128.0	100.0	0.78125
713	714	Keldeo forme ordinaire	Eau	Combat	91	72	90	129	90	108	5	0	100.0	100.0	116.0	100.0	0.8620689655172413
714	715	Keldeo forme resolue	Eau	Combat	91	72	90	129	90	108	5	0	108.0	108.0	121.0	108.0	0.8925619834710744
715	716	Meloetta forme Aria	Normal	Psy	100	77	77	128	128	90	5	0	98.0	98.0	142.0	98.0	0.6901408450704225
716	717	Meloetta forme Pirouette	Normal	Combat	100	128	90	77	77	128	5	0	118.0	118.0	123.0	118.0	0.959349593495935
717	718	Genesect	Insecte	Acier	71	120	95	120	95	99	5	0	105.0	105.0	128.0	105.0	0.8203125
720	721	Blindépique	Herbe	Combat	88	107	122	74	75	64	6	0	57.0	57.0	124.0	57.0	0.4596774193548387
723	724	Goupelin	Feu	Psy	75	69	72	114	100	104	6	0	104.0	104.0	126.0	104.0	0.8253968253968254
726	727	Amphinobi	Eau	Obscur	72	95	67	103	71	122	6	0	122.0	122.0	127.0	122.0	0.9606299212598425
728	729	Excavarenne	Normal	Sol	85	56	77	50	77	78	6	0	68.0	68.0	128.0	68.0	0.53125
729	730	Passerouge	Normal	Vol	45	50	43	40	38	62	6	0	55.0	55.0	136.0	55.0	0.40441176470588236
730	731	Braisillon	Feu	Vol	62	73	55	56	52	84	6	0	92.0	92.0	127.0	92.0	0.7244094488188977
731	732	Flambusard	Feu	Vol	78	81	71	74	69	126	6	0	120.0	120.0	132.0	120.0	0.9090909090909091
734	735	Prismillon	Insecte	Vol	80	52	50	90	50	89	6	0	80.0	80.0	120.0	80.0	0.6666666666666666
735	736	Hélionceau	Feu	Normal	62	50	58	73	54	72	6	0	55.0	55.0	124.0	55.0	0.4435483870967742
736	737	Némélios	Feu	Normal	86	68	72	109	66	106	6	0	98.0	98.0	121.0	98.0	0.8099173553719008
743	744	Pandarbare	Combat	Obscur	95	124	78	69	71	58	6	0	46.0	46.0	123.0	46.0	0.37398373983739835
748	749	Monorpale	Acier	Spectre	45	80	100	35	37	28	6	0	35.0	35.0	112.0	35.0	0.3125
749	750	Dimoclès	Acier	Spectre	59	110	150	45	49	35	6	0	44.0	44.0	132.0	44.0	0.3333333333333333
751	752	Exagide forme de bouclier	Acier	Spectre	60	50	150	50	150	60	6	0	63.0	63.0	121.0	63.0	0.5206611570247934
756	757	Sepiatop	Obscur	Psy	53	54	53	37	46	45	6	0	34.0	34.0	110.0	34.0	0.3090909090909091
757	758	Sepiatroce	Obscur	Psy	86	92	88	68	75	73	6	0	108.0	108.0	158.0	108.0	0.6835443037974683
758	759	Opermine	Roche	Eau	42	52	67	39	56	50	6	0	37.0	37.0	129.0	37.0	0.2868217054263566
759	760	Golgopathe	Roche	Eau	72	105	115	54	86	68	6	0	69.0	69.0	134.0	69.0	0.5149253731343284
760	761	Venalgue	Poison	Eau	50	60	60	60	60	30	6	0	14.0	14.0	124.0	14.0	0.11290322580645161
761	762	Kravarech	Poison	Dragon	65	75	90	97	123	44	6	0	31.0	31.0	156.0	31.0	0.1987179487179487
764	765	Galvaran	Electrique	Normal	44	38	33	61	43	70	6	0	59.0	59.0	112.0	59.0	0.5267857142857143
765	766	Iguolta	Electrique	Normal	62	55	52	109	94	109	6	0	94.0	94.0	120.0	94.0	0.7833333333333333
766	767	Ptyranidur	Roche	Dragon	58	89	77	45	45	48	6	0	34.0	34.0	107.0	34.0	0.3177570093457944
767	768	Rexillius	Roche	Dragon	82	121	119	69	59	71	6	0	82.0	82.0	152.0	82.0	0.5394736842105263
768	769	Amagara	Roche	Glace	77	59	50	67	63	46	6	0	28.0	28.0	121.0	28.0	0.23140495867768596
769	770	Dragmara	Roche	Glace	123	77	72	99	92	58	6	0	61.0	61.0	132.0	61.0	0.4621212121212121
771	772	Brutalibré	Combat	Vol	78	92	75	74	63	118	6	0	107.0	107.0	121.0	107.0	0.8842975206611571
772	773	Dedenne	Electrique	Fée	67	58	57	81	67	101	6	0	109.0	109.0	124.0	109.0	0.8790322580645161
773	774	Strassie	Roche	Fée	50	50	150	50	150	50	6	0	36.0	36.0	140.0	36.0	0.2571428571428571
777	778	Trousselin	Acier	Fée	57	80	91	80	87	75	6	0	70.0	70.0	122.0	70.0	0.5737704918032787
778	779	Brocélôme	Spectre	Herbe	43	70	48	50	60	38	6	0	33.0	33.0	138.0	33.0	0.2391304347826087
779	780	Desséliande	Spectre	Herbe	85	110	76	65	82	56	6	0	59.0	59.0	150.0	59.0	0.3933333333333333
780	781	Pitrouille taille moyenne	Spectre	Herbe	49	66	70	44	55	51	6	0	49.0	49.0	115.0	49.0	0.4260869565217391
782	783	Pitrouille grande taille	Spectre	Herbe	54	66	70	44	55	46	6	0	51.0	51.0	121.0	51.0	0.4214876033057851
783	784	Pitrouille super taille	Spectre	Herbe	59	66	70	44	55	41	6	0	33.0	33.0	131.0	33.0	0.25190839694656486
784	785	Banshitrouye taille moyenne	Spectre	Herbe	65	90	122	58	75	84	6	0	92.0	92.0	128.0	92.0	0.71875
785	786	Banshitrouye petite taille	Spectre	Herbe	55	85	122	58	75	99	6	0	98.0	98.0	121.0	98.0	0.8099173553719008
786	787	Banshitrouye grande taille	Spectre	Herbe	75	95	122	58	75	69	6	0	71.0	71.0	124.0	71.0	0.5725806451612904
787	788	Banshitrouye super taille	Spectre	Herbe	85	100	122	58	75	54	6	0	52.0	52.0	132.0	52.0	0.3939393939393939
790	791	Sonistrelle	Vol	Dragon	40	30	35	45	40	55	6	0	40.0	40.0	127.0	40.0	0.31496062992125984
791	792	Bruyverne	Vol	Dragon	85	70	80	97	80	123	6	0	107.0	107.0	115.0	107.0	0.9304347826086956
793	794	Yveltal	Obscur	Vol	126	131	95	131	98	99	6	1	111.0	111.0	137.0	111.0	0.8102189781021898
794	795	Zygarde demi forme	Dragon	Sol	108	100	121	81	95	95	6	1	80.0	80.0	107.0	80.0	0.7476635514018691
795	796	Diancie	Roche	Fée	50	100	150	100	150	50	6	1	39.0	39.0	105.0	39.0	0.37142857142857144
796	797	Mega Diancie	Roche	Fée	50	160	110	160	110	110	6	1	116.0	116.0	131.0	116.0	0.8854961832061069
797	798	Hoopa confiné	Psy	Spectre	80	110	60	150	130	70	6	1	60.0	60.0	119.0	60.0	0.5042016806722689
798	799	Hoopa non lié	Psy	Obscur	80	160	60	170	130	80	6	1	89.0	89.0	144.0	89.0	0.6180555555555556
799	800	Volcanion	Feu	Eau	80	110	120	130	90	70	6	1	75.0	75.0	121.0	75.0	0.6198347107438017
